update_number,date,timestamp,total_valid_words_after,words_added_today,words_promoted_today,new_words_from_rss,new_words_from_wordnik,new_words_from_invalid_list,new_words_from_manual,api_calls_mw,api_calls_wordnik,execution_duration_seconds,blog_post_url,notes
1,2026-05-14,2026-05-14T00:52:37.988500+00:00,not recorded,not recorded,not recorded,not recorded,not recorded,not recorded,not recorded,not recorded,not recorded,not recorded,/english-openlist/2026-05-14-daily-update/,Historical automated metrics were not recorded; charts are included only when release distribution CSVs are available.
2,2026-05-15,2026-05-15T00:32:45.088645+00:00,not recorded,not recorded,not recorded,not recorded,not recorded,not recorded,not recorded,not recorded,not recorded,not recorded,/english-openlist/2026-05-15-daily-update/,Historical automated metrics were not recorded; charts are included only when release distribution CSVs are available.
3,2026-05-16,2026-05-16T00:30:56.143839+00:00,not recorded,not recorded,not recorded,not recorded,not recorded,not recorded,not recorded,not recorded,not recorded,not recorded,/english-openlist/2026-05-16-daily-update/,Historical automated metrics were not recorded; charts are included only when release distribution CSVs are available.
4,2026-05-17,2026-05-17T00:32:53.918677+00:00,not recorded,not recorded,not recorded,not recorded,not recorded,not recorded,not recorded,not recorded,not recorded,not recorded,/english-openlist/2026-05-17-daily-update/,Historical automated metrics were not recorded; charts are included only when release distribution CSVs are available.
5,2026-05-18,2026-05-18T00:34:33.007396+00:00,not recorded,not recorded,not recorded,not recorded,not recorded,not recorded,not recorded,not recorded,not recorded,not recorded,/english-openlist/2026-05-18-daily-update/,Historical automated metrics were not recorded; charts are included only when release distribution CSVs are available.
6,2026-05-19,2026-05-19T00:36:25.100286+00:00,not recorded,not recorded,not recorded,not recorded,not recorded,not recorded,not recorded,not recorded,not recorded,not recorded,/english-openlist/2026-05-19-daily-update/,Historical automated metrics were not recorded; charts are included only when release distribution CSVs are available.
7,2026-05-20,2026-05-20T00:37:32.230687+00:00,not recorded,not recorded,not recorded,not recorded,not recorded,not recorded,not recorded,not recorded,not recorded,not recorded,/english-openlist/2026-05-20-daily-update/,Historical automated metrics were not recorded; charts are included only when release distribution CSVs are available.
8,2026-05-21,2026-05-21T00:37:47.541461+00:00,not recorded,not recorded,not recorded,not recorded,not recorded,not recorded,not recorded,not recorded,not recorded,not recorded,/english-openlist/2026-05-21-daily-update/,Historical automated metrics were not recorded; charts are included only when release distribution CSVs are available.
9,2026-05-22,2026-05-22T00:35:58.951618+00:00,not recorded,not recorded,not recorded,not recorded,not recorded,not recorded,not recorded,not recorded,not recorded,not recorded,/english-openlist/2026-05-22-daily-update/,Historical automated metrics were not recorded; charts are included only when release distribution CSVs are available.
10,2026-05-23,2026-05-23T00:35:13.462965+00:00,not recorded,not recorded,not recorded,not recorded,not recorded,not recorded,not recorded,not recorded,not recorded,not recorded,/english-openlist/2026-05-23-daily-update/,Historical automated metrics were not recorded; charts are included only when release distribution CSVs are available.
11,2026-05-24,2026-05-24,378883,0,0,not recorded,not recorded,0,not recorded,not recorded,not recorded,not recorded,/english-openlist/daily-updates/2026-05-24-daily-update/,Missing metrics are not recorded rather than reconstructed.
12,2026-05-25,2026-05-25,378883,0,0,not recorded,not recorded,0,not recorded,not recorded,not recorded,not recorded,/english-openlist/daily-updates/2026-05-25-daily-update/,Missing metrics are not recorded rather than reconstructed.
13,2026-05-26,2026-05-26,378884,1,0,not recorded,not recorded,0,not recorded,not recorded,not recorded,not recorded,/english-openlist/daily-updates/2026-05-26-daily-update/,Missing metrics are not recorded rather than reconstructed.
14,2026-05-27,2026-05-27,378884,0,0,not recorded,not recorded,0,not recorded,not recorded,not recorded,not recorded,/english-openlist/daily-updates/2026-05-27-daily-update/,Missing metrics are not recorded rather than reconstructed.
15,2026-05-28,2026-05-28,378884,0,0,not recorded,not recorded,0,not recorded,not recorded,not recorded,not recorded,/english-openlist/daily-updates/2026-05-28-daily-update/,Missing metrics are not recorded rather than reconstructed.
16,2026-05-29,2026-05-29,378884,0,0,not recorded,not recorded,0,not recorded,not recorded,not recorded,not recorded,/english-openlist/daily-updates/2026-05-29-daily-update/,Missing metrics are not recorded rather than reconstructed.
17,2026-05-30,2026-05-30,378884,0,0,not recorded,not recorded,0,not recorded,not recorded,not recorded,not recorded,/english-openlist/daily-updates/2026-05-30-daily-update/,Missing metrics are not recorded rather than reconstructed.
18,2026-05-31,2026-05-31,378884,0,0,not recorded,not recorded,0,not recorded,not recorded,not recorded,not recorded,/english-openlist/daily-updates/2026-05-31-daily-update/,Missing metrics are not recorded rather than reconstructed.
19,2026-06-01,2026-06-01,378884,0,0,not recorded,not recorded,0,not recorded,not recorded,not recorded,not recorded,/english-openlist/daily-updates/2026-06-01-daily-update/,Missing metrics are not recorded rather than reconstructed.
20,2026-06-03,2026-06-03,378884,0,0,not recorded,not recorded,0,not recorded,not recorded,not recorded,not recorded,/english-openlist/daily-updates/2026-06-03-daily-update/,Missing metrics are not recorded rather than reconstructed.
21,2026-06-04,2026-06-04,378884,0,0,not recorded,not recorded,0,not recorded,not recorded,not recorded,not recorded,/english-openlist/daily-updates/2026-06-04-daily-update/,Missing metrics are not recorded rather than reconstructed.
22,2026-06-06,2026-06-06,378884,0,0,not recorded,not recorded,0,not recorded,not recorded,not recorded,not recorded,/english-openlist/daily-updates/2026-06-06-daily-update/,Missing metrics are not recorded rather than reconstructed.
23,2026-06-07,2026-06-07,378884,0,0,not recorded,not recorded,0,not recorded,not recorded,not recorded,not recorded,/english-openlist/daily-updates/2026-06-07-daily-update/,Missing metrics are not recorded rather than reconstructed.
24,2026-06-08,2026-06-08,378884,0,0,not recorded,not recorded,0,not recorded,not recorded,not recorded,not recorded,/english-openlist/daily-updates/2026-06-08-daily-update/,Missing metrics are not recorded rather than reconstructed.
25,2026-06-09,2026-06-09,378884,0,0,not recorded,not recorded,0,not recorded,not recorded,not recorded,not recorded,/english-openlist/daily-updates/2026-06-09-daily-update/,Missing metrics are not recorded rather than reconstructed.
26,2026-06-10,2026-06-10,378884,0,0,not recorded,not recorded,0,not recorded,not recorded,not recorded,not recorded,/english-openlist/daily-updates/2026-06-10-daily-update/,Missing metrics are not recorded rather than reconstructed.
27,2026-06-11,2026-06-11,378884,0,0,not recorded,not recorded,0,not recorded,not recorded,not recorded,not recorded,/english-openlist/daily-updates/2026-06-11-daily-update/,Missing metrics are not recorded rather than reconstructed.
28,2026-06-12,2026-06-12,378884,0,0,not recorded,not recorded,0,not recorded,not recorded,not recorded,not recorded,/english-openlist/daily-updates/2026-06-12-daily-update/,Missing metrics are not recorded rather than reconstructed.
29,2026-06-13,2026-06-13,378884,0,0,not recorded,not recorded,0,not recorded,not recorded,not recorded,not recorded,/english-openlist/daily-updates/2026-06-13-daily-update/,Missing metrics are not recorded rather than reconstructed.
30,2026-06-14,2026-06-14,378884,0,0,not recorded,not recorded,0,not recorded,not recorded,not recorded,not recorded,/english-openlist/daily-updates/2026-06-14-daily-update/,Missing metrics are not recorded rather than reconstructed.
31,2026-06-15,2026-06-15,378884,0,0,not recorded,not recorded,0,not recorded,not recorded,not recorded,not recorded,/english-openlist/daily-updates/2026-06-15-daily-update/,Missing metrics are not recorded rather than reconstructed.
32,2026-06-16,2026-06-16,378884,0,0,not recorded,not recorded,0,not recorded,not recorded,not recorded,not recorded,/english-openlist/daily-updates/2026-06-16-daily-update/,Missing metrics are not recorded rather than reconstructed.
33,2026-06-17,2026-06-17,378885,1,0,not recorded,not recorded,0,not recorded,not recorded,not recorded,not recorded,/english-openlist/daily-updates/2026-06-17-daily-update/,Missing metrics are not recorded rather than reconstructed.
34,2026-06-18,2026-06-18,378885,0,0,not recorded,not recorded,0,not recorded,not recorded,not recorded,not recorded,/english-openlist/daily-updates/2026-06-18-daily-update/,Missing metrics are not recorded rather than reconstructed.
35,2026-06-19,2026-06-19,378885,0,0,not recorded,not recorded,0,not recorded,not recorded,not recorded,not recorded,/english-openlist/daily-updates/2026-06-19-daily-update/,Missing metrics are not recorded rather than reconstructed.
